age,income,cards,educ,carloans,rating
57,3,1,1,1,1
51,2,2,1,2,1
27,3,1,1,1,1
28,1,1,1,1,1
30,3,1,1,2,1
28,3,2,1,2,1
42,3,2,1,1,1
35,2,2,1,1,1
24,2,1,1,1,1
36,3,1,1,1,1
30,2,1,2,1,1
41,2,1,2,1,1
42,2,2,2,2,1
44,2,2,2,2,1
42,3,2,2,2,1
39,3,2,2,1,1
54,3,2,2,2,1
37,2,1,1,1,1
40,1,2,1,2,1
33,2,1,1,1,1
31,2,2,1,2,1
34,2,2,1,2,1
38,3,2,2,1,1
48,3,2,2,2,1
44,2,2,2,2,1
39,2,1,2,1,1
39,2,2,1,2,1
34,2,1,1,1,1
36,2,1,2,1,1
32,2,1,1,1,1
29,2,2,2,2,1
38,2,1,2,1,1
34,3,2,1,2,1
27,2,2,1,2,1
22,3,1,1,1,1
43,2,1,2,1,1
40,1,2,2,2,1
21,2,2,2,1,1
38,2,2,2,2,1
43,3,1,2,1,1
36,2,2,1,2,1
40,3,2,1,2,1
38,2,2,1,2,1
30,3,1,2,2,1
34,2,1,2,1,1
32,2,1,2,1,1
47,2,1,1,1,1
36,3,1,1,1,1
27,3,1,1,1,1
30,3,2,1,2,1
28,3,1,2,2,1
29,3,2,1,2,1
42,2,1,1,1,1
52,2,1,2,2,1
34,2,1,1,1,1
43,3,1,2,1,1
30,2,1,2,1,1
38,2,2,1,2,1
28,2,1,1,1,1
47,2,1,1,1,1
40,3,2,2,2,1
58,2,2,1,1,1
25,3,2,2,2,1
37,2,2,1,2,1
40,3,2,1,1,1
40,2,1,2,1,1
43,3,1,2,1,1
45,2,1,2,1,1
21,3,2,1,2,1
41,3,1,2,1,1
48,1,2,1,1,1
47,2,2,1,2,1
33,2,2,1,2,1
28,2,1,2,1,1
50,2,2,2,2,1
36,3,1,2,1,1
42,3,2,2,2,1
35,2,1,2,1,1
34,3,1,2,1,1
40,3,1,1,1,1
42,3,2,2,2,1
33,3,2,1,2,1
26,3,2,1,1,1
25,3,2,1,2,1
30,2,2,1,2,1
28,3,1,1,1,1
36,3,2,2,2,1
44,2,1,2,1,1
35,3,2,2,2,1
41,3,2,1,2,1
37,2,2,1,2,1
38,3,1,1,1,1
47,2,1,1,1,1
31,1,2,1,2,1
36,1,1,2,2,1
55,2,1,1,1,1
27,2,1,1,1,1
37,3,1,1,1,1
28,3,2,2,2,1
42,3,2,2,2,1
40,3,1,1,1,1
40,3,2,2,2,1
41,3,2,2,2,1
35,3,2,2,2,1
38,2,1,2,1,1
28,1,2,1,2,1
48,2,1,2,2,1
44,1,1,2,1,1
28,2,2,2,2,1
23,2,2,1,2,1
28,2,1,2,1,1
32,2,2,2,2,1
33,2,2,2,2,1
22,3,1,2,1,1
34,3,1,1,1,1
36,3,1,2,1,1
36,2,1,2,2,1
28,3,1,2,1,1
43,2,2,2,2,1
47,3,1,1,1,1
36,3,1,2,1,1
31,2,2,2,1,1
48,3,2,1,2,1
59,3,2,2,2,1
32,1,1,1,1,1
48,3,2,2,1,1
46,2,1,2,1,1
41,2,2,1,2,1
36,2,2,1,2,1
34,2,1,1,2,1
34,2,1,2,1,1
49,3,2,2,2,1
38,3,1,2,1,1
35,2,2,2,2,1
46,2,1,1,1,1
21,3,1,2,1,1
31,3,2,1,2,1
42,3,2,1,2,1
40,2,1,1,1,1
31,3,1,1,1,1
41,3,1,2,1,1
35,3,2,1,2,1
43,3,2,1,2,1
32,2,1,1,1,1
39,2,1,1,1,1
51,2,1,1,1,1
36,2,1,1,1,1
42,3,1,2,1,1
21,2,1,2,1,1
32,2,1,1,1,1
45,3,2,2,2,1
41,2,1,2,1,1
57,2,1,1,1,1
49,2,1,1,1,1
38,3,2,2,2,1
42,3,2,2,2,1
49,3,2,2,2,1
40,3,1,2,1,1
33,3,1,2,1,1
23,2,2,1,2,1
39,3,2,2,2,1
34,2,1,2,1,1
37,2,1,2,1,1
28,3,1,2,1,1
29,3,2,2,2,1
47,3,1,2,1,1
27,1,1,1,1,1
29,2,2,2,1,1
50,3,2,1,2,1
40,3,2,2,2,1
33,2,1,2,2,1
37,2,1,1,1,1
32,3,1,1,1,1
38,3,2,2,2,1
40,2,1,2,1,1
41,2,2,2,2,1
26,3,1,1,2,1
36,2,2,2,2,1
41,3,1,2,1,1
51,3,2,2,2,1
27,2,1,2,1,1
30,1,1,2,1,1
41,2,1,1,1,1
25,2,1,1,1,1
40,1,2,1,2,1
33,2,2,1,2,1
21,2,1,1,1,1
29,3,2,2,2,1
36,3,1,2,1,1
28,3,1,1,1,1
28,3,2,2,2,1
37,3,2,2,2,1
35,3,2,1,2,1
43,2,2,1,2,1
38,2,2,2,2,1
42,3,1,2,1,1
28,2,1,2,1,1
36,3,2,2,2,1
33,3,2,1,1,1
33,2,2,1,2,1
28,3,1,2,1,1
28,2,2,2,2,1
38,2,1,1,1,1
31,3,2,1,2,1
53,3,2,2,2,1
34,3,1,2,1,1
45,2,1,2,1,1
30,3,2,1,1,1
21,3,2,2,2,1
29,3,1,1,1,1
39,3,1,2,1,1
39,2,1,1,1,1
49,3,1,2,1,1
42,2,1,1,1,1
32,2,1,2,1,1
42,3,1,2,1,1
48,3,1,1,1,1
34,3,2,1,2,1
42,2,1,2,1,1
26,3,1,1,1,1
31,3,1,1,1,1
34,3,2,1,2,1
28,3,1,1,1,1
36,2,1,2,1,1
53,3,2,1,1,1
43,2,1,2,1,1
39,3,2,1,2,1
29,2,1,2,1,1
47,3,1,1,1,1
32,1,2,1,1,1
26,1,1,2,1,1
46,3,2,1,2,1
41,2,2,2,2,1
46,3,2,2,2,1
26,3,2,1,2,1
57,3,2,1,2,1
52,2,1,2,1,1
43,1,2,2,2,1
46,3,1,2,1,1
23,3,1,1,1,1
24,3,1,2,1,1
25,3,1,1,1,1
35,2,1,1,1,1
41,1,2,2,2,1
44,3,1,1,1,1
41,2,2,1,2,1
34,3,1,1,2,1
45,1,1,1,1,1
36,3,2,1,2,1
20,2,1,2,1,1
43,3,2,1,2,1
30,2,2,2,2,1
21,1,1,2,1,1
47,2,1,1,1,1
28,2,1,2,2,1
46,1,1,1,1,1
43,3,1,2,1,1
33,2,2,1,2,1
25,3,1,1,1,1
33,3,2,1,2,1
35,2,1,1,2,1
51,3,2,1,2,1
35,3,2,2,2,1
24,2,1,1,2,1
47,3,2,2,2,1
29,3,2,1,2,1
39,3,2,1,2,1
37,3,2,1,1,1
26,2,1,1,1,1
39,1,1,1,1,1
40,3,2,1,2,1
33,2,1,1,2,1
44,3,1,2,1,1
46,2,2,1,1,1
47,3,2,2,2,1
48,3,2,1,2,1
32,2,1,2,2,1
32,3,1,2,2,1
39,3,2,2,2,1
44,3,1,1,1,1
30,2,1,2,1,1
35,2,1,1,1,1
34,3,2,1,2,1
41,2,1,2,1,1
37,3,2,1,2,1
34,2,2,2,1,1
29,2,1,2,2,1
45,3,2,2,2,1
27,3,2,1,2,1
49,3,2,2,2,1
33,2,1,2,2,1
33,3,1,1,1,1
24,2,2,1,2,1
39,3,2,1,2,1
49,3,2,2,2,1
45,2,2,2,2,1
45,2,1,2,1,1
49,2,2,1,2,1
31,2,1,2,1,1
31,2,2,1,1,1
46,3,2,1,2,1
42,1,1,1,1,1
30,3,2,2,2,1
40,2,2,2,2,1
28,2,1,1,1,1
49,3,2,1,2,1
36,3,2,1,1,1
41,2,1,2,1,1
36,2,2,2,2,1
48,3,1,2,1,1
49,2,2,2,2,1
48,2,2,2,2,1
47,2,1,2,1,1
41,3,2,1,1,1
49,3,2,2,2,1
24,2,2,1,2,1
31,3,1,2,1,1
41,3,1,2,1,1
45,2,2,1,2,1
45,2,1,1,2,1
36,2,2,2,2,1
30,1,1,2,1,1
48,3,2,1,2,1
28,3,1,1,1,1
34,2,2,1,2,1
38,3,2,1,1,1
36,2,1,2,1,1
31,2,2,1,2,1
44,3,2,1,2,1
27,2,1,2,1,1
39,2,2,2,2,1
39,3,1,2,2,1
51,2,2,1,2,1
39,3,1,2,1,1
44,2,1,2,1,1
22,3,1,2,1,1
31,3,2,1,1,1
32,3,2,1,2,1
29,3,2,2,2,1
22,1,1,2,1,1
25,2,1,2,1,1
50,2,1,1,1,1
36,2,2,2,2,1
50,2,1,1,1,1
45,3,2,2,2,1
27,3,2,2,2,1
28,3,1,2,1,1
25,3,2,2,2,1
48,3,2,1,2,1
43,3,2,2,2,1
39,2,1,2,1,1
36,3,2,1,2,1
41,3,2,1,2,1
37,3,1,1,1,1
41,3,1,2,1,1
35,2,2,2,1,1
35,2,1,2,1,1
25,2,2,1,2,1
45,3,2,1,2,1
25,3,2,1,2,1
45,3,1,2,1,1
39,3,2,1,2,1
25,2,1,1,1,1
34,3,1,2,2,1
43,2,2,2,2,1
27,3,2,1,2,1
48,2,2,1,2,1
38,3,2,1,2,1
31,3,1,1,1,1
44,2,2,2,2,1
44,2,2,2,2,1
38,2,1,2,1,1
46,1,1,2,1,1
38,3,1,2,1,1
36,2,2,2,2,1
28,2,1,1,1,1
21,2,2,2,2,1
35,3,2,1,2,1
42,1,2,2,1,1
41,2,2,2,2,1
48,2,2,2,1,1
38,2,2,2,2,1
40,3,2,1,2,1
40,2,2,1,1,1
50,2,1,2,1,1
32,2,2,2,1,1
23,2,1,2,2,1
42,3,2,2,2,1
26,2,2,1,2,1
48,3,2,2,1,1
41,2,2,1,2,1
35,2,2,2,2,1
43,2,1,2,1,1
30,2,1,2,1,1
22,3,2,1,2,1
30,3,2,1,2,1
44,1,2,2,2,1
39,2,1,2,1,1
29,2,2,1,2,1
51,2,2,1,2,1
38,3,1,2,1,1
42,3,1,2,1,1
33,3,1,2,1,1
35,3,1,1,1,1
27,1,1,1,1,1
33,2,1,2,1,1
32,3,1,2,1,1
46,3,2,2,2,1
35,2,2,1,1,1
48,3,1,1,1,1
45,2,2,2,2,1
26,2,1,2,1,1
27,3,1,2,1,1
28,3,2,1,2,1
39,2,2,2,2,1
30,3,2,1,2,1
36,3,2,2,2,1
50,3,2,1,2,1
38,2,1,1,1,1
33,3,2,2,2,1
47,3,2,2,2,1
33,3,1,2,1,1
47,3,2,2,2,1
23,1,2,2,2,1
32,1,1,2,1,1
35,2,2,1,2,1
47,1,1,1,1,1
26,3,2,2,2,1
31,2,2,2,2,1
28,2,2,1,1,1
34,2,1,2,1,1
48,2,2,2,2,1
33,3,2,2,2,1
28,2,2,1,2,1
33,2,2,2,2,1
40,2,1,2,1,1
28,3,1,1,1,1
33,2,1,1,2,1
56,3,1,1,2,1
28,2,2,1,2,1
50,2,2,2,2,1
28,2,2,1,2,1
22,3,2,1,2,1
22,3,2,2,2,1
27,3,1,1,1,1
35,2,1,1,1,1
33,2,2,1,2,1
31,3,2,2,2,1
46,3,1,1,1,1
31,2,2,2,2,1
43,3,2,2,2,1
37,3,1,2,1,1
27,2,2,2,1,1
22,1,1,1,1,1
50,3,2,1,2,1
29,2,2,1,2,1
22,3,1,1,1,1
39,2,2,2,2,1
21,2,2,2,2,1
26,3,2,1,1,1
33,3,2,2,2,1
46,2,1,2,1,1
54,2,2,2,2,1
30,2,2,1,2,1
42,3,2,1,2,1
31,2,1,1,1,1
39,2,2,1,2,1
20,3,2,2,2,1
60,3,2,2,2,1
29,3,1,1,1,1
34,3,2,1,2,1
22,2,2,2,2,1
53,3,1,1,1,1
49,3,1,2,1,1
42,2,1,2,1,1
36,2,1,2,1,1
33,2,1,2,1,1
26,2,2,1,2,1
21,2,2,1,2,1
46,2,2,1,2,1
54,3,2,1,2,1
44,2,2,2,1,1
32,3,1,2,2,1
34,2,1,1,2,1
27,2,1,1,1,1
39,2,1,2,1,1
57,3,2,2,2,1
29,2,2,2,2,1
50,2,1,2,1,1
57,3,2,1,1,1
47,1,2,1,2,1
62,2,2,1,1,1
40,2,2,2,2,1
43,3,2,2,2,1
36,2,2,2,1,1
25,3,1,1,1,1
40,2,2,2,2,1
39,3,1,2,1,1
47,3,1,1,1,1
26,2,2,2,2,1
40,2,2,1,2,1
38,2,2,1,2,1
38,2,1,1,1,1
36,2,2,2,2,1
45,3,2,2,2,1
47,3,2,1,2,1
28,3,1,2,1,1
43,3,1,2,1,1
44,2,2,1,2,1
38,3,2,2,2,1
38,3,1,1,1,1
27,3,2,1,2,1
26,3,2,2,2,1
39,3,1,2,1,1
32,3,2,2,2,1
34,3,1,2,1,1
34,3,1,2,1,1
32,3,1,2,1,1
30,3,2,2,2,1
24,3,2,1,2,1
25,2,1,1,2,1
38,3,2,2,2,1
41,3,2,1,2,1
38,2,1,2,1,1
42,2,1,1,1,1
28,2,1,1,1,1
33,3,1,2,2,1
41,3,1,2,1,1
39,3,2,1,2,1
42,3,2,2,1,1
46,3,2,2,2,1
31,3,1,1,1,1
41,3,2,1,2,1
24,2,1,1,1,1
30,2,2,2,2,1
27,2,1,1,2,1
21,2,2,2,2,1
34,2,1,1,1,1
39,3,1,1,1,1
29,3,1,1,1,1
29,3,1,2,1,1
40,2,2,1,2,1
35,2,1,2,1,1
31,2,2,1,2,1
40,2,1,2,2,1
28,3,1,2,1,1
48,2,2,2,2,1
38,3,1,2,2,1
31,2,1,2,1,1
25,3,1,1,1,1
28,2,1,1,1,1
35,2,2,2,2,1
35,3,1,1,1,1
40,2,1,2,1,1
32,3,2,1,2,1
36,2,1,1,1,1
38,3,1,1,1,1
46,2,1,2,1,1
42,2,1,1,1,1
37,2,2,2,2,1
37,2,2,1,1,1
50,2,1,1,1,1
33,2,2,2,2,1
26,2,2,1,2,1
30,1,2,2,1,1
32,3,1,2,1,1
33,2,1,1,1,1
42,2,1,2,1,1
33,2,2,2,2,1
25,3,2,1,2,1
36,2,2,2,2,1
24,2,2,1,2,1
34,2,2,2,2,1
45,2,2,1,1,1
33,3,1,2,1,1
31,3,2,1,2,1
33,2,2,1,2,1
42,3,2,1,1,1
47,3,1,2,1,1
40,3,2,2,2,1
39,2,1,1,1,1
42,2,2,2,2,1
32,3,1,1,1,1
34,2,2,2,2,1
39,3,2,2,2,1
36,2,1,2,1,1
46,3,2,2,2,1
29,3,1,2,1,1
40,3,2,1,2,1
32,3,2,1,2,1
26,2,1,1,1,1
21,3,1,1,1,1
44,3,1,1,1,1
31,2,1,2,1,1
27,3,2,2,2,1
45,2,1,1,1,1
38,3,1,1,1,1
48,2,2,1,2,1
30,3,2,1,2,1
42,2,1,1,1,1
30,3,1,1,1,1
46,2,2,2,2,1
37,3,2,2,2,1
33,3,1,2,2,1
30,3,2,2,2,1
42,2,2,1,1,1
37,2,1,1,1,1
28,2,2,1,1,1
24,2,2,1,2,1
32,3,1,1,1,1
36,2,2,2,2,1
24,2,1,1,2,1
39,3,2,1,2,1
37,2,1,1,1,1
47,2,1,2,2,1
34,3,1,2,1,1
27,2,2,2,2,1
39,1,1,2,1,1
33,2,1,2,1,1
23,3,2,2,1,1
42,2,2,1,2,1
53,3,2,1,2,1
46,1,1,2,1,1
23,3,1,1,1,1
44,2,1,1,1,1
24,3,2,2,1,1
43,3,2,1,2,1
54,1,1,2,1,1
43,3,1,1,1,1
35,1,1,2,1,1
42,1,2,2,2,1
42,3,2,2,2,1
35,2,2,1,2,1
26,3,2,2,1,1
34,2,1,1,1,1
32,3,1,1,1,1
52,2,2,2,2,1
38,2,1,1,1,1
34,3,2,1,2,1
48,3,2,2,1,1
28,1,2,2,2,1
28,3,2,2,2,1
26,2,1,1,1,1
44,3,1,1,1,1
29,2,2,1,2,1
32,3,1,1,1,1
24,2,2,1,2,1
29,3,1,2,1,1
38,3,1,1,1,1
31,3,1,2,1,1
53,2,2,1,2,1
25,2,2,1,2,1
26,3,2,1,1,1
24,3,2,2,2,1
26,3,2,1,2,1
24,2,1,2,1,1
32,2,1,2,1,1
40,3,2,2,2,1
23,3,1,2,1,1
27,3,1,1,1,1
39,3,1,1,1,1
32,2,2,2,2,1
42,2,1,1,1,1
42,2,1,1,1,1
31,2,2,1,2,1
36,3,1,1,1,1
43,3,2,2,1,1
53,3,1,1,1,1
49,2,2,2,2,1
33,2,2,1,2,1
27,2,1,2,1,1
37,3,2,1,2,1
29,2,1,1,1,1
61,3,1,1,1,1
45,2,2,2,2,1
41,3,1,2,1,1
31,2,1,2,1,1
43,2,2,1,2,1
41,3,1,1,1,1
38,3,2,1,2,1
29,1,2,2,2,1
35,2,1,2,1,1
30,2,1,1,1,1
36,2,2,2,2,1
44,2,2,1,2,1
31,3,1,2,1,1
28,2,2,1,2,1
23,3,1,1,1,1
43,2,2,1,1,1
35,2,2,1,2,1
50,3,1,1,1,1
41,2,1,1,1,1
44,2,2,1,2,1
40,3,2,1,2,1
30,2,2,1,1,1
43,3,1,2,1,1
39,2,2,1,2,1
37,1,2,2,2,1
41,3,2,1,2,1
34,2,1,2,1,1
43,3,2,2,2,1
40,3,2,2,2,1
50,2,2,2,2,1
41,2,1,2,1,1
45,3,1,1,1,1
22,3,1,1,1,1
38,3,1,2,1,1
42,2,2,1,2,1
37,1,2,1,2,1
51,3,2,1,2,1
36,3,2,1,2,1
44,2,1,1,1,1
28,2,2,2,2,1
34,3,1,1,1,1
59,3,2,1,2,1
33,2,1,2,1,1
37,2,1,2,1,1
37,3,2,1,2,1
34,3,2,1,2,1
47,1,2,1,2,1
33,1,2,1,2,1
33,2,1,1,2,1
28,3,2,2,2,1
27,3,2,1,2,1
34,3,1,1,1,1
50,1,1,1,1,1
27,1,2,2,2,1
30,3,2,2,2,1
27,2,2,1,2,1
45,2,1,2,2,1
36,1,2,2,2,1
28,2,1,2,1,1
23,2,1,1,1,1
45,3,2,2,1,1
33,2,2,2,2,1
30,3,1,2,1,1
34,3,2,2,2,1
41,3,1,1,2,1
23,3,2,2,2,1
24,2,1,2,1,1
25,3,2,2,2,1
20,1,1,1,1,1
45,3,2,2,1,1
29,3,2,2,2,1
28,2,2,2,2,1
34,3,2,2,2,1
41,3,2,1,2,1
43,2,2,2,2,1
27,2,1,2,1,1
45,3,1,2,1,1
48,1,1,1,1,1
43,2,1,1,1,1
36,2,1,2,1,1
29,3,2,1,2,1
24,3,1,1,1,1
39,2,2,1,2,1
49,3,1,2,1,1
48,2,2,2,2,1
42,2,1,1,1,1
42,3,2,2,2,1
29,3,2,2,2,1
29,3,2,2,2,1
46,2,1,1,1,1
31,3,2,2,2,1
28,3,2,2,2,1
33,3,2,2,2,1
41,3,2,2,2,1
25,2,1,2,1,1
35,3,1,1,1,1
31,2,2,2,2,1
43,3,1,2,1,1
39,2,1,2,1,1
22,3,1,1,1,1
29,2,2,2,2,1
44,3,1,1,2,1
26,3,2,1,2,1
40,2,1,1,1,1
31,3,2,1,2,1
43,2,1,2,1,1
36,2,2,2,2,1
30,2,2,2,1,1
23,3,2,1,2,1
37,2,2,2,2,1
34,2,1,1,1,1
45,2,1,1,1,1
40,2,2,1,2,1
35,2,1,1,1,1
43,3,1,1,1,1
58,2,2,2,2,1
35,2,2,1,2,1
32,2,2,2,2,1
37,3,2,2,2,1
43,3,2,1,2,1
40,3,1,1,1,1
26,3,1,1,1,1
34,2,1,1,1,1
49,2,2,2,2,1
50,3,2,2,1,1
28,3,2,1,1,1
46,2,2,1,2,1
35,3,2,2,2,1
33,3,1,2,1,1
33,2,1,1,1,1
24,2,1,2,2,1
33,3,2,2,2,1
38,2,2,2,2,1
38,3,1,2,1,1
22,3,2,2,2,1
28,3,1,2,1,1
50,2,1,1,1,1
23,3,1,1,1,1
43,3,1,2,2,1
43,3,1,2,1,1
33,3,1,2,1,1
55,3,1,1,1,1
21,2,1,1,1,1
32,3,1,2,1,1
24,3,2,1,2,1
29,1,1,2,1,1
22,3,1,1,1,1
27,2,1,1,1,1
39,3,2,2,2,1
28,3,2,1,2,1
33,2,1,2,2,1
49,3,2,2,2,1
42,3,2,1,2,1
35,3,1,1,1,1
45,3,2,2,2,1
32,2,1,1,1,1
42,3,2,1,2,1
33,3,1,1,1,1
47,1,2,2,2,1
34,2,2,2,2,1
27,2,1,2,1,1
38,3,1,1,1,1
29,2,1,1,1,1
50,2,1,2,1,1
45,2,1,1,1,1
38,3,1,2,2,1
52,2,1,1,1,1
31,2,2,1,2,1
32,3,2,2,2,1
24,3,1,2,1,1
29,2,1,2,1,1
47,3,2,2,2,1
53,2,1,1,1,1
35,2,1,1,1,1
39,3,1,2,1,1
22,3,1,1,1,1
28,2,2,2,2,1
56,2,1,1,1,1
40,3,1,1,2,1
26,3,1,2,1,1
41,3,2,2,2,1
29,3,1,1,1,1
39,3,2,1,2,1
30,3,1,2,1,1
39,3,2,1,2,1
30,2,1,1,1,1
54,2,2,2,2,1
46,2,1,1,1,1
41,2,2,1,2,1
45,3,2,1,2,1
51,3,2,2,2,1
40,2,1,1,1,1
33,2,2,2,2,1
23,3,1,1,1,1
24,2,2,1,2,1
33,2,1,2,1,1
32,2,2,1,2,1
39,3,1,1,1,1
34,3,1,2,1,1
28,3,1,2,1,1
37,2,1,1,1,1
35,3,2,2,2,1
52,2,1,1,1,1
25,3,1,2,1,1
28,2,1,2,1,1
36,3,2,2,1,1
40,3,2,2,2,1
47,3,2,2,2,1
51,2,2,1,2,1
36,3,1,1,1,1
32,2,2,1,2,1
36,2,1,2,1,1
39,2,1,1,1,1
28,3,2,2,2,1
41,3,1,1,1,1
40,3,1,1,1,1
41,2,2,1,2,1
36,2,1,2,1,1
20,1,1,2,1,1
29,2,1,1,1,1
26,2,1,1,1,1
24,2,1,1,1,1
36,3,1,1,1,1
27,3,1,2,1,1
50,2,2,2,2,1
48,3,2,1,1,1
20,2,1,2,2,1
38,1,2,2,2,1
31,3,1,1,1,1
35,1,2,1,2,1
53,3,2,1,2,1
34,2,2,2,2,1
40,3,2,2,1,1
37,3,1,2,1,1
31,2,1,2,2,1
33,2,1,1,1,1
31,3,2,2,1,1
27,3,2,2,1,1
40,2,1,2,2,1
26,1,2,2,2,1
37,2,1,2,1,1
41,2,2,2,1,1
35,1,1,1,1,1
21,3,2,2,2,1
35,3,1,2,1,1
30,1,2,2,2,1
41,3,2,2,2,1
28,3,2,2,2,1
39,3,1,1,1,1
29,3,2,1,2,1
36,3,2,2,2,1
38,3,2,1,2,1
28,3,1,1,1,1
34,2,1,1,1,1
33,3,1,1,1,1
29,2,2,1,2,1
21,2,1,2,1,1
32,2,1,1,1,1
51,3,1,2,1,1
50,3,2,1,2,1
46,3,1,2,1,1
44,2,1,2,1,1
41,2,2,2,1,1
39,3,2,1,2,1
32,2,2,1,1,1
28,3,1,1,1,1
46,2,2,1,2,1
40,3,1,1,1,1
23,2,2,2,2,1
45,2,2,1,2,1
47,3,2,1,2,1
25,3,1,2,1,1
53,2,1,2,1,1
33,3,1,1,1,1
41,1,1,2,1,1
48,1,2,1,2,1
21,3,1,2,1,1
33,3,1,2,1,1
45,2,2,1,2,1
42,2,1,2,1,1
30,3,2,1,2,1
31,2,2,2,2,1
36,3,2,1,2,1
34,2,1,1,1,1
24,3,2,1,2,1
24,1,1,2,1,1
44,2,2,2,2,1
36,3,2,2,2,1
38,2,1,1,1,1
47,1,2,1,1,1
34,2,1,1,1,1
33,1,1,1,1,1
44,2,1,2,1,1
34,3,1,1,1,1
36,1,2,1,2,1
30,3,1,2,1,1
26,1,2,1,2,1
31,1,1,2,1,1
54,2,1,2,1,1
44,2,1,1,1,1
48,3,2,1,2,1
28,1,2,2,2,1
36,2,2,2,2,1
33,3,1,2,1,1
42,2,2,1,2,1
49,2,2,2,2,1
28,1,1,2,1,1
35,3,2,2,2,1
37,2,1,1,1,1
27,3,2,1,2,1
38,2,2,1,1,1
23,2,2,2,2,1
39,2,1,1,1,1
27,3,2,1,2,1
30,3,2,2,2,1
39,2,2,1,2,1
30,3,2,2,2,1
41,2,1,1,1,1
38,2,2,2,1,1
31,1,1,2,1,1
22,3,1,2,1,1
48,3,2,1,2,1
40,2,2,2,2,1
43,3,1,2,1,1
44,3,2,1,2,1
32,2,2,2,1,1
35,2,2,2,2,1
48,3,2,2,2,1
33,1,2,1,2,1
37,3,2,1,2,1
26,2,2,1,2,1
39,3,2,1,2,1
25,2,2,2,2,1
24,3,1,1,1,1
36,2,2,2,2,1
32,2,1,1,1,1
41,2,1,2,1,1
34,2,1,2,1,1
32,2,2,1,2,1
45,2,2,2,2,1
25,3,1,1,1,1
32,3,2,2,2,1
42,2,1,1,1,1
25,3,1,2,2,1
32,2,2,2,2,1
43,3,1,1,1,1
27,3,2,2,2,1
26,3,1,2,1,1
39,2,2,2,2,1
60,3,1,1,1,1
37,3,2,1,2,1
52,3,1,1,1,1
48,3,2,2,2,1
33,3,2,2,2,1
41,2,1,2,1,1
30,3,1,1,1,1
41,1,1,2,1,1
46,2,1,2,1,1
33,2,2,2,2,1
25,2,2,2,2,1
42,2,2,2,2,1
25,2,1,1,1,1
45,3,1,2,1,1
24,3,2,2,2,1
31,3,2,2,2,1
52,2,1,2,1,1
29,2,2,2,2,1
25,3,2,2,2,1
54,3,2,2,1,1
45,2,1,2,1,1
39,2,2,2,2,1
29,3,1,2,1,1
34,2,2,1,2,1
41,3,1,2,1,1
33,2,2,2,2,1
41,1,2,2,2,1
34,2,1,1,1,1
26,2,1,2,1,1
31,3,1,1,1,1
39,3,2,1,2,1
33,2,2,2,2,1
25,1,2,2,2,1
46,2,2,1,1,1
43,3,2,2,2,1
36,2,1,1,1,1
47,3,2,1,2,1
27,2,2,2,2,1
36,3,1,2,1,1
57,2,2,1,2,1
36,2,1,1,1,1
34,2,1,2,1,1
31,2,2,1,2,1
40,2,2,2,2,1
32,1,1,2,1,1
45,2,2,2,2,1
30,2,2,1,2,1
42,3,1,1,1,1
38,2,2,1,2,1
22,2,1,1,1,1
33,3,1,1,1,1
41,3,1,2,2,1
23,2,1,2,1,1
30,2,1,2,1,1
22,3,1,2,1,1
30,3,2,1,2,1
35,3,2,2,2,1
45,3,2,1,2,1
31,2,1,1,1,1
39,3,2,2,2,1
35,3,1,2,1,1
37,2,2,2,1,1
28,2,2,1,2,1
43,3,1,2,2,1
44,3,2,2,2,1
26,3,2,1,2,1
37,3,1,1,1,1
39,3,2,2,2,1
21,3,2,1,1,1
52,2,1,2,1,1
31,2,2,1,2,1
41,3,1,1,1,1
28,3,1,1,1,1
44,2,1,2,1,1
41,3,2,2,2,1
40,3,2,1,2,1
49,2,1,1,1,1
49,2,1,1,1,1
39,2,2,2,2,1
22,2,2,1,2,1
27,1,1,1,1,1
35,2,2,1,2,1
37,1,2,1,1,1
59,3,2,2,2,1
35,3,2,1,2,1
35,3,2,1,2,1
44,2,1,2,1,1
24,1,2,1,1,1
43,3,1,2,1,1
35,2,2,2,2,1
21,3,2,1,1,1
37,2,2,2,1,1
48,3,1,1,1,1
29,2,2,2,1,1
35,3,1,1,1,1
39,2,1,2,1,1
58,3,1,2,2,1
30,2,2,2,2,1
40,2,2,2,2,1
30,2,2,2,2,1
43,3,1,2,2,1
58,2,2,2,2,1
27,3,2,2,2,1
26,3,2,2,2,1
34,2,1,1,1,1
24,2,2,1,2,1
42,3,1,1,1,1
31,3,1,2,1,1
33,3,2,2,2,1
39,2,2,1,2,1
36,2,1,2,2,1
29,2,2,1,2,1
25,2,2,2,1,1
42,3,1,1,1,1
44,3,2,2,2,1
40,2,1,2,1,1
39,2,2,1,2,1
40,3,2,2,2,1
25,2,2,1,2,1
28,2,2,2,1,1
35,2,1,2,1,1
47,3,1,2,1,1
24,3,2,2,1,1
23,3,2,1,2,1
35,2,1,2,1,1
28,3,1,1,1,1
24,2,2,2,2,1
43,3,1,1,1,1
22,3,1,1,1,1
22,3,1,2,1,1
31,2,1,1,1,1
44,2,1,2,1,1
37,3,2,2,2,1
27,3,2,2,1,1
38,2,2,1,2,1
43,2,1,2,1,1
51,3,1,1,1,1
33,2,1,2,1,1
43,2,1,2,1,1
29,2,2,2,2,1
25,3,1,1,1,1
39,2,1,2,2,1
38,3,2,1,2,1
30,2,1,2,1,1
45,2,1,1,1,1
33,3,1,2,1,1
37,2,1,1,1,1
38,1,1,1,1,1
46,2,2,1,2,1
44,2,1,2,2,1
39,2,2,2,2,1
31,2,1,1,1,1
36,3,2,1,2,1
46,2,1,2,1,1
41,1,1,1,1,1
27,3,2,1,2,1
35,2,1,2,1,1
39,2,1,1,1,1
39,1,2,2,2,1
32,2,1,1,1,1
34,3,2,2,2,1
34,3,1,1,1,1
40,3,1,1,1,1
39,1,1,2,1,1
26,2,2,1,2,1
39,2,1,1,1,1
47,2,2,2,2,1
35,2,1,1,1,1
43,3,1,2,1,1
35,3,2,1,2,1
43,3,2,1,2,1
48,3,1,1,2,1
27,1,1,2,1,1
26,2,1,1,1,1
39,2,1,2,1,1
32,2,2,1,2,1
42,2,2,2,2,1
49,1,1,2,1,1
22,3,2,1,2,1
40,2,2,1,2,1
22,3,2,2,2,1
51,2,2,1,2,1
47,2,1,1,1,1
42,2,1,2,2,1
33,2,1,1,1,1
57,2,2,1,2,1
30,2,1,1,1,1
42,3,2,1,2,1
32,1,2,1,2,1
29,3,2,1,2,1
39,2,2,1,2,1
44,2,2,1,2,1
27,2,1,1,2,1
62,2,2,1,2,1
34,2,1,1,1,1
23,3,1,1,1,1
47,2,2,2,2,1
41,3,1,2,2,1
27,2,1,1,1,1
41,2,1,1,2,1
26,3,1,2,1,1
46,3,2,1,2,1
40,3,2,1,2,1
45,2,1,2,1,1
47,1,1,2,1,1
54,2,2,2,2,1
33,2,1,1,1,1
44,3,1,2,1,1
33,3,1,1,1,1
30,3,1,2,1,1
47,3,2,1,2,1
32,3,1,1,1,1
32,2,1,1,1,1
41,2,2,1,1,1
29,2,1,1,1,1
32,3,1,1,1,1
51,3,2,2,2,1
42,3,1,1,2,1
21,2,2,2,2,1
30,3,2,2,2,1
45,2,1,2,1,1
31,2,2,2,2,1
46,3,2,1,2,1
36,2,2,1,2,1
39,2,1,2,1,1
38,3,1,1,1,1
40,2,1,1,1,1
32,2,1,2,1,1
37,3,2,1,2,1
39,2,1,2,1,1
26,1,1,1,1,1
48,3,1,2,1,1
34,3,2,1,2,1
26,2,2,1,2,1
30,3,1,2,1,1
56,2,2,2,2,1
49,3,1,1,2,1
27,3,2,1,2,1
24,3,2,1,2,1
27,2,1,2,2,1
47,3,2,2,2,1
28,2,1,2,1,1
38,3,2,2,1,1
41,3,1,2,1,1
32,3,2,2,2,1
39,3,2,1,2,1
36,2,2,2,2,1
28,2,1,2,2,1
28,2,2,1,2,1
40,2,2,1,2,1
41,3,2,2,2,1
34,2,2,1,2,1
49,2,1,1,2,1
46,3,2,1,2,1
33,3,1,2,1,1
43,3,2,2,2,1
34,2,2,1,2,1
35,2,1,1,1,1
26,3,1,1,1,1
28,3,2,2,2,1
27,3,1,1,1,1
59,1,2,1,2,1
31,3,2,1,2,1
33,2,2,1,2,1
42,2,2,1,2,1
41,3,2,1,1,1
40,3,2,1,2,1
23,3,1,1,1,1
33,3,1,1,1,1
51,2,2,1,2,1
46,3,1,1,1,1
38,3,2,1,2,1
39,3,1,1,1,1
45,2,2,1,2,1
40,3,2,2,2,1
42,3,2,2,2,1
51,1,1,1,2,1
35,2,1,2,2,1
45,1,1,1,1,1
36,1,1,2,1,1
46,2,2,1,2,1
25,2,2,2,2,1
35,2,1,2,1,1
32,2,2,1,2,1
21,2,2,1,1,1
41,3,1,1,1,1
45,3,1,2,1,1
25,3,2,1,2,1
43,3,1,1,1,1
36,3,1,1,1,1
43,2,1,2,1,1
30,3,2,1,1,1
58,3,2,1,2,1
41,2,2,1,2,1
29,3,2,2,2,1
43,3,2,2,2,1
43,2,1,1,2,1
46,2,2,2,2,1
53,2,1,1,1,1
29,1,1,2,2,1
53,3,2,2,2,1
48,2,1,1,1,1
34,3,2,1,2,1
26,2,1,2,1,1
47,2,2,1,2,1
35,2,2,1,1,1
40,1,2,1,2,1
41,3,2,1,2,1
35,2,2,2,2,1
34,3,2,1,2,1
36,2,1,2,1,1
28,3,2,1,2,1
36,3,2,1,2,1
38,3,2,2,2,1
24,3,1,1,2,1
44,2,2,1,2,1
30,2,2,1,2,1
38,2,1,2,2,1
40,2,2,2,2,1
39,3,1,1,2,1
39,2,1,1,1,1
40,3,1,2,1,1
33,3,1,1,1,1
40,1,1,1,1,1
33,3,2,2,2,1
32,3,2,1,2,1
33,3,2,1,2,1
26,3,1,1,2,1
35,3,2,2,2,1
30,3,2,1,2,1
39,3,1,2,1,1
54,2,2,2,2,1
34,3,1,2,1,1
38,3,2,2,2,1
34,2,2,2,2,1
24,1,2,2,2,1
51,3,2,2,2,1
30,2,1,1,1,1
44,3,2,1,2,1
38,2,1,2,1,1
42,3,2,2,1,1
25,2,1,2,1,1
30,2,2,2,2,1
40,3,1,2,1,1
39,3,1,1,1,1
43,3,1,2,2,1
38,3,1,2,1,1
38,2,2,2,1,1
31,3,1,2,1,1
31,3,2,2,2,1
31,3,2,2,1,1
29,2,1,2,1,1
28,3,2,1,2,1
28,3,1,2,1,1
39,3,1,1,1,1
33,2,1,2,1,1
41,2,2,1,2,1
20,2,1,1,1,1
49,2,2,1,2,1
30,2,2,2,2,1
47,3,2,1,2,1
31,3,2,1,2,1
27,2,1,1,1,1
34,1,1,2,1,1
35,2,1,1,1,1
42,3,2,1,2,1
54,3,1,2,1,1
24,3,2,1,2,1
43,3,1,1,2,1
35,3,1,1,2,1
33,3,2,2,2,1
38,2,2,1,2,1
26,3,1,1,1,1
38,2,1,1,1,1
21,3,2,1,2,1
38,3,2,2,2,1
63,2,1,2,1,1
35,3,1,2,1,1
46,3,1,1,1,1
32,2,2,1,2,1
32,3,2,1,2,1
47,3,1,1,2,1
35,3,2,2,2,1
39,2,1,2,2,1
40,1,1,1,1,1
40,1,2,2,2,1
38,2,1,2,2,1
36,2,2,2,2,1
47,2,1,1,1,1
34,2,1,1,1,1
21,3,2,1,2,1
52,3,2,2,2,1
51,3,2,2,1,1
21,3,1,1,1,1
36,2,2,2,1,1
30,2,2,2,2,1
44,1,1,2,1,1
39,2,2,2,2,1
22,2,2,2,2,1
28,2,2,1,1,1
59,1,2,1,2,1
34,2,1,2,1,1
21,3,2,1,2,1
40,2,1,2,1,1
23,2,1,2,1,1
38,2,1,2,1,1
41,2,2,2,2,1
31,2,2,2,2,1
33,2,2,1,2,1
58,1,2,2,2,1
32,2,1,1,1,1
31,3,1,2,1,1
38,3,1,2,1,1
37,3,1,1,1,1
34,3,1,2,2,1
39,3,1,1,1,1
25,3,1,1,1,1
28,2,1,1,1,1
30,2,1,2,1,1
24,2,1,1,1,1
46,2,2,2,2,1
28,3,1,2,2,1
36,2,2,2,2,0
22,2,2,2,2,0
29,1,2,1,2,0
33,1,2,2,1,0
37,2,2,2,2,0
39,2,2,2,2,0
32,2,2,2,2,0
35,1,2,1,2,0
32,1,2,1,2,0
25,2,2,2,2,0
23,1,2,2,2,0
46,1,2,1,2,0
29,2,2,1,2,0
29,1,2,2,1,0
40,1,2,1,2,0
39,1,2,2,2,0
34,1,2,2,2,0
36,2,2,2,2,0
36,2,2,2,2,0
26,3,2,2,2,0
22,1,2,2,2,0
29,2,2,1,2,0
23,1,2,2,2,0
43,2,2,2,2,0
20,2,2,1,2,0
28,2,2,1,2,0
29,2,2,2,2,0
30,2,2,1,2,0
25,2,2,2,2,0
40,1,2,2,1,0
21,1,2,2,2,0
23,1,2,1,2,0
33,2,2,1,2,0
33,2,2,1,2,0
28,3,2,1,1,0
21,2,2,2,2,0
29,2,2,2,2,0
21,2,2,1,2,0
21,2,2,1,1,0
24,1,2,1,2,0
47,2,2,2,2,0
25,2,2,1,2,0
31,3,2,1,2,0
21,1,2,1,2,0
21,2,2,2,2,0
32,2,2,1,2,0
31,2,2,1,2,0
23,2,2,2,2,0
35,2,2,1,2,0
25,2,1,2,1,0
37,1,2,1,2,0
31,2,2,1,2,0
33,1,2,1,2,0
24,1,2,2,2,0
47,1,2,1,2,0
28,2,2,1,2,0
46,2,2,2,1,0
21,1,2,1,2,0
21,1,2,2,1,0
24,2,2,1,2,0
27,1,2,1,2,0
38,1,2,2,2,0
23,2,2,2,2,0
22,1,2,2,2,0
26,1,2,1,2,0
36,2,2,1,2,0
23,2,2,2,2,0
33,1,2,2,2,0
28,2,2,1,2,0
44,2,2,1,1,0
25,1,2,2,2,0
22,2,2,1,2,0
28,1,2,1,1,0
37,2,2,2,2,0
24,1,2,2,2,0
36,2,2,2,2,0
25,1,2,2,2,0
31,2,2,1,2,0
20,1,2,2,2,0
33,2,2,2,2,0
21,1,2,1,2,0
27,1,1,1,1,0
31,1,2,2,2,0
30,2,2,2,2,0
51,1,2,1,2,0
29,1,2,2,2,0
35,2,2,2,2,0
36,1,2,2,1,0
24,2,2,1,2,0
23,2,2,1,2,0
39,2,2,1,2,0
22,2,2,2,2,0
24,1,2,1,2,0
26,2,2,2,2,0
27,2,2,2,2,0
37,2,2,1,2,0
29,1,2,2,2,0
31,1,2,1,2,0
22,1,2,1,2,0
43,1,2,2,2,0
27,2,1,1,1,0
24,1,2,2,2,0
26,1,2,2,2,0
21,2,2,1,2,0
41,2,2,1,2,0
53,1,2,2,2,0
25,2,2,2,2,0
28,1,2,2,2,0
30,1,2,1,2,0
36,1,2,2,2,0
20,2,2,1,2,0
23,1,2,2,2,0
45,1,2,1,2,0
44,2,2,2,2,0
20,2,1,2,1,0
27,1,2,2,2,0
24,1,2,1,2,0
37,2,2,1,2,0
26,3,2,2,1,0
25,1,2,2,2,0
32,1,2,1,2,0
39,2,2,2,1,0
24,2,2,2,2,0
32,1,2,1,2,0
43,1,2,2,2,0
22,2,2,2,2,0
27,3,2,2,2,0
40,3,2,2,2,0
31,2,1,1,1,0
24,1,2,1,2,0
33,1,2,1,2,0
40,1,2,1,2,0
23,3,2,1,2,0
30,1,1,1,1,0
29,1,1,1,1,0
23,1,2,1,2,0
31,1,1,1,1,0
33,1,2,1,1,0
37,2,2,2,2,0
39,1,2,2,2,0
22,1,2,1,2,0
31,1,2,1,2,0
40,1,2,1,2,0
29,1,2,1,2,0
22,2,2,2,2,0
26,1,2,1,2,0
21,1,2,2,2,0
44,1,2,1,1,0
33,1,2,1,2,0
28,2,2,1,2,0
29,1,2,2,2,0
45,1,2,2,1,0
22,3,2,2,2,0
33,2,2,2,2,0
32,1,2,2,2,0
22,2,1,2,1,0
30,2,2,1,2,0
55,2,2,1,2,0
30,2,1,1,1,0
20,1,2,2,2,0
29,1,2,2,2,0
38,1,2,1,2,0
29,1,2,2,2,0
36,1,2,1,1,0
21,2,2,1,1,0
25,2,2,1,2,0
31,1,2,2,2,0
40,1,2,2,2,0
29,2,2,2,2,0
23,1,2,2,2,0
33,1,2,2,2,0
43,1,2,2,1,0
34,2,2,1,1,0
41,2,1,2,1,0
34,3,2,1,1,0
25,2,2,1,2,0
26,1,2,2,2,0
32,1,2,2,2,0
42,2,2,2,2,0
23,2,2,1,1,0
25,1,2,2,2,0
24,2,2,1,2,0
26,2,2,1,2,0
44,2,1,2,1,0
22,1,2,1,2,0
38,2,2,2,2,0
54,1,2,2,2,0
30,2,2,1,2,0
27,2,2,2,2,0
24,2,2,1,2,0
34,1,1,1,1,0
25,2,2,1,2,0
34,2,2,2,2,0
36,2,1,1,1,0
24,1,2,2,2,0
44,1,2,2,2,0
23,3,2,2,2,0
48,3,2,2,2,0
38,1,2,1,1,0
24,2,2,2,2,0
28,2,2,1,2,0
21,2,2,1,1,0
28,2,2,1,2,0
24,1,2,1,2,0
21,2,1,2,2,0
35,1,2,2,2,0
33,1,2,2,2,0
30,1,2,2,2,0
22,2,2,1,2,0
23,1,2,1,2,0
32,2,2,1,1,0
23,1,2,2,2,0
37,1,2,2,2,0
29,2,2,2,2,0
52,2,2,1,1,0
27,2,2,2,2,0
41,1,2,2,2,0
41,2,2,1,2,0
25,2,2,1,2,0
30,2,2,1,2,0
21,1,2,2,2,0
30,2,2,2,1,0
21,1,2,1,2,0
27,2,1,1,1,0
24,1,2,1,2,0
25,2,2,2,2,0
26,1,2,1,2,0
32,2,2,2,2,0
33,1,2,2,2,0
37,2,2,1,2,0
28,1,2,1,2,0
25,2,2,1,2,0
35,2,2,1,2,0
33,2,2,2,2,0
35,2,2,1,2,0
43,2,2,2,2,0
24,1,2,2,2,0
25,2,2,1,2,0
27,1,2,2,2,0
41,2,2,1,2,0
20,1,1,2,1,0
35,1,2,1,2,0
44,1,2,2,2,0
39,2,2,1,2,0
34,2,2,1,2,0
23,2,2,1,2,0
47,1,2,2,2,0
28,3,2,2,2,0
40,2,2,1,2,0
21,2,1,2,1,0
27,1,2,2,2,0
39,2,1,1,1,0
36,3,2,2,2,0
28,2,2,2,2,0
37,2,1,1,1,0
23,2,1,2,1,0
37,2,1,2,1,0
35,3,2,1,2,0
39,2,2,2,2,0
29,2,2,2,2,0
22,2,2,2,2,0
25,1,2,2,2,0
36,2,2,1,2,0
34,1,2,2,2,0
20,2,2,1,2,0
25,1,1,1,1,0
23,2,1,1,1,0
23,1,2,1,2,0
32,1,2,1,2,0
41,2,2,1,2,0
26,2,2,2,2,0
20,1,2,2,2,0
21,1,2,1,2,0
22,2,2,1,2,0
23,2,2,2,2,0
26,2,2,2,2,0
26,2,1,2,1,0
29,2,2,1,2,0
30,2,2,2,2,0
22,2,2,1,2,0
22,2,2,2,2,0
27,3,2,1,2,0
29,1,2,1,2,0
31,3,2,2,2,0
23,1,2,2,1,0
26,1,2,2,1,0
29,2,2,2,2,0
37,2,1,1,1,0
28,2,2,1,2,0
39,1,2,2,2,0
23,3,2,1,2,0
33,1,2,2,2,0
28,1,2,2,1,0
25,2,2,1,2,0
20,2,2,1,2,0
41,1,2,1,2,0
32,1,1,2,2,0
36,2,2,1,2,0
21,2,2,1,2,0
22,1,2,1,2,0
33,1,2,1,2,0
34,1,2,1,2,0
25,2,2,1,1,0
22,2,2,2,2,0
28,3,2,1,2,0
27,2,2,1,2,0
29,1,2,2,1,0
20,1,1,1,1,0
23,2,2,2,2,0
22,1,2,2,1,0
26,2,2,1,2,0
35,2,2,2,2,0
41,2,2,1,1,0
35,1,2,1,2,0
27,1,2,2,2,0
21,2,2,1,2,0
45,2,2,2,2,0
34,1,2,1,2,0
31,2,2,1,2,0
31,1,2,2,2,0
35,1,1,1,1,0
36,2,2,1,2,0
28,2,2,1,2,0
32,2,2,2,2,0
31,1,2,2,2,0
32,2,2,1,2,0
23,1,2,1,2,0
32,1,2,1,2,0
34,1,2,2,1,0
22,2,2,2,2,0
27,2,2,2,2,0
36,1,2,1,2,0
28,2,1,1,2,0
27,2,2,2,2,0
34,2,2,1,2,0
29,1,2,2,2,0
34,1,2,2,2,0
32,1,2,2,2,0
25,2,2,1,2,0
29,1,2,1,2,0
36,2,1,1,2,0
27,2,1,2,1,0
34,1,2,2,2,0
27,2,2,2,2,0
27,2,2,2,2,0
22,3,2,2,1,0
30,2,1,2,1,0
22,2,2,2,2,0
23,2,2,1,2,0
39,2,2,2,2,0
32,2,2,1,2,0
31,1,2,1,2,0
34,2,2,2,2,0
30,1,2,1,2,0
26,2,2,1,2,0
21,1,2,2,1,0
46,1,1,2,1,0
38,1,2,1,2,0
31,1,2,1,2,0
30,2,2,1,2,0
57,1,2,1,2,0
40,2,2,1,2,0
52,2,1,2,1,0
25,1,2,2,2,0
33,1,2,2,2,0
37,3,2,2,2,0
24,1,2,1,2,0
24,2,2,1,2,0
27,2,2,1,2,0
32,3,1,2,1,0
23,1,2,1,2,0
25,2,2,2,2,0
32,2,2,2,2,0
33,2,2,2,2,0
33,2,1,2,1,0
31,1,2,1,1,0
26,3,2,1,1,0
30,1,2,1,2,0
30,1,2,2,2,0
40,2,2,2,2,0
23,2,2,1,2,0
26,2,1,2,1,0
34,2,2,1,2,0
28,2,2,2,2,0
24,2,2,2,2,0
30,2,1,1,1,0
38,1,2,2,2,0
44,2,2,1,2,0
25,2,2,2,2,0
33,2,2,1,2,0
23,2,2,1,2,0
22,2,2,1,2,0
25,2,1,1,1,0
38,2,2,2,2,0
27,1,2,1,2,0
42,1,2,1,2,0
35,1,2,2,2,0
32,1,2,1,2,0
34,1,2,1,2,0
23,1,2,1,2,0
33,2,2,1,2,0
29,2,2,2,2,0
40,2,2,1,2,0
25,1,2,1,2,0
45,2,2,2,2,0
26,1,2,2,2,0
28,1,2,1,2,0
32,2,1,2,1,0
37,2,1,2,1,0
30,1,2,1,2,0
28,1,2,1,2,0
24,1,2,1,2,0
23,1,2,2,2,0
24,1,2,1,2,0
22,1,2,1,2,0
35,1,1,2,1,0
22,3,2,1,1,0
44,1,2,1,2,0
20,1,1,2,2,0
25,2,2,2,2,0
23,1,2,1,2,0
25,2,2,2,1,0
27,2,2,1,2,0
30,1,2,2,2,0
37,2,2,2,2,0
36,1,2,2,2,0
31,2,2,1,2,0
31,2,2,2,2,0
26,2,2,2,2,0
32,1,2,2,2,0
37,2,2,1,1,0
36,1,2,2,2,0
25,2,1,2,1,0
21,1,1,1,1,0
32,3,1,1,2,0
30,1,2,1,2,0
44,2,2,1,2,0
22,2,2,1,2,0
31,1,2,2,1,0
27,1,2,2,2,0
30,1,2,2,1,0
23,2,1,2,1,0
26,3,2,1,1,0
29,1,2,2,2,0
21,1,2,2,2,0
31,3,2,1,2,0
38,2,1,2,1,0
24,1,2,2,2,0
27,1,2,2,2,0
39,1,2,2,2,0
31,2,2,1,2,0
22,2,1,1,1,0
35,2,2,1,2,0
39,2,2,1,2,0
28,1,2,1,2,0
33,2,2,1,2,0
41,2,2,1,2,0
41,2,2,1,2,0
41,1,2,1,2,0
33,1,2,1,2,0
35,2,2,2,2,0
24,2,2,1,2,0
43,3,2,2,2,0
22,1,1,1,1,0
27,2,2,1,2,0
28,1,2,1,2,0
37,1,2,2,2,0
28,1,2,2,2,0
24,1,2,2,2,0
23,2,2,2,2,0
38,1,2,1,2,0
27,2,2,1,2,0
37,1,2,1,2,0
28,3,1,1,1,0
33,1,2,1,2,0
26,3,2,2,2,0
26,2,2,1,1,0
28,2,1,2,1,0
30,3,2,1,2,0
34,2,1,1,1,0
27,1,2,2,2,0
39,1,2,2,2,0
27,2,2,1,2,0
38,3,2,2,2,0
30,2,2,1,2,0
30,1,2,2,2,0
25,2,1,2,1,0
21,1,1,1,2,0
21,2,2,1,2,0
38,3,2,1,2,0
37,1,2,2,2,0
24,1,2,1,2,0
23,2,2,2,1,0
29,1,2,1,1,0
24,1,2,1,2,0
39,2,2,2,2,0
22,2,1,1,1,0
35,1,2,2,2,0
34,1,2,1,2,0
31,1,2,1,2,0
39,2,2,2,2,0
37,2,2,2,2,0
38,3,2,2,1,0
21,1,2,2,1,0
21,1,2,1,1,0
23,2,2,1,2,0
23,1,2,2,2,0
38,1,2,2,2,0
29,1,2,2,2,0
27,1,2,1,2,0
40,2,2,2,2,0
23,2,2,1,2,0
28,2,2,1,2,0
29,2,2,2,2,0
25,2,1,2,1,0
22,1,2,1,2,0
23,2,2,1,2,0
34,2,2,1,2,0
33,3,1,2,1,0
24,2,2,2,2,0
21,2,2,2,2,0
28,1,2,2,2,0
24,2,2,1,1,0
29,2,2,2,2,0
47,2,2,1,2,0
25,2,2,1,2,0
33,3,2,2,2,0
32,2,2,2,2,0
37,3,2,1,2,0
35,2,2,2,2,0
25,1,2,1,2,0
34,3,2,1,2,0
43,1,2,2,2,0
27,1,2,1,2,0
30,2,1,1,1,0
48,3,2,1,1,0
34,1,2,1,2,0
32,1,2,2,2,0
34,1,2,2,2,0
26,2,2,1,2,0
23,1,2,2,1,0
22,2,2,1,2,0
29,1,2,1,2,0
28,2,2,2,2,0
26,2,2,1,2,0
28,2,2,1,2,0
27,2,2,2,2,0
33,1,2,2,2,0
39,3,2,1,2,0
44,1,2,2,2,0
28,2,2,2,2,0
38,2,2,2,1,0
42,2,1,2,1,0
30,1,2,2,2,0
27,1,2,2,2,0
48,3,2,2,2,0
37,1,2,2,2,0
21,1,2,2,2,0
40,2,2,2,2,0
43,1,2,1,2,0
21,2,2,1,2,0
23,1,2,2,2,0
30,1,2,2,2,0
23,1,2,2,2,0
40,1,2,1,2,0
27,1,2,2,2,0
20,2,2,2,2,0
22,1,2,1,2,0
30,1,2,1,2,0
25,1,2,1,2,0
27,1,2,1,2,0
36,1,2,1,2,0
30,2,2,2,2,0
34,2,1,1,1,0
30,2,2,1,2,0
38,2,2,1,2,0
37,1,2,2,2,0
28,2,2,2,2,0
38,1,2,2,2,0
36,1,2,2,1,0
36,2,2,2,2,0
37,1,2,1,2,0
31,1,2,1,2,0
28,2,2,2,1,0
29,2,2,1,2,0
32,2,2,2,1,0
34,1,2,2,2,0
32,1,2,2,2,0
32,2,2,2,1,0
20,1,2,1,2,0
23,2,2,1,2,0
36,2,2,2,2,0
39,1,2,1,2,0
29,3,1,1,1,0
31,1,2,2,2,0
32,2,2,1,2,0
34,2,2,2,2,0
24,2,2,1,2,0
54,2,2,1,2,0
23,1,1,1,1,0
29,1,1,2,1,0
38,3,2,1,2,0
38,1,2,2,2,0
20,2,2,2,2,0
20,2,2,1,2,0
27,1,2,2,1,0
39,1,2,2,2,0
35,2,2,1,2,0
28,2,2,2,2,0
29,2,2,2,2,0
33,3,2,1,2,0
23,2,2,2,2,0
22,3,1,1,1,0
37,1,2,2,2,0
42,2,2,2,2,0
20,1,2,1,1,0
29,3,2,2,1,0
27,2,2,2,2,0
50,1,2,2,2,0
36,1,2,2,2,0
31,1,2,1,1,0
20,2,2,1,2,0
31,1,2,2,2,0
25,2,2,1,2,0
21,1,2,1,2,0
27,1,2,2,2,0
34,1,2,2,2,0
21,1,2,2,2,0
27,1,2,2,2,0
38,2,2,1,2,0
36,1,2,2,2,0
27,1,2,1,2,0
30,2,2,1,2,0
35,2,1,2,1,0
29,1,2,2,2,0
29,2,2,2,2,0
25,1,2,2,2,0
30,3,2,2,2,0
28,2,2,2,2,0
22,2,2,2,2,0
33,1,2,1,2,0
25,3,2,1,2,0
27,3,2,2,2,0
23,2,2,1,2,0
31,1,2,2,2,0
44,1,2,2,2,0
24,1,2,1,2,0
21,2,2,2,2,0
24,2,2,1,2,0
37,2,2,1,2,0
32,1,2,2,2,0
25,2,2,2,2,0
34,2,2,1,2,0
34,2,2,2,2,0
27,1,2,1,2,0
21,1,1,1,1,0
29,1,2,2,2,0
26,2,2,1,2,0
42,2,2,1,2,0
23,1,2,2,2,0
27,1,2,1,2,0
20,2,2,1,2,0
27,1,1,2,1,0
24,1,2,1,2,0
28,1,2,1,1,0
35,1,2,1,2,0
26,3,2,2,2,0
20,2,2,1,1,0
42,2,2,2,2,0
41,2,2,1,2,0
22,2,2,1,2,0
33,2,2,1,2,0
26,2,2,2,2,0
26,1,2,1,2,0
29,2,2,1,2,0
30,1,2,2,2,0
27,2,2,1,2,0
28,3,2,1,2,0
36,2,2,2,2,0
41,2,2,1,1,0
24,2,2,1,2,0
29,1,2,1,2,0
30,1,2,1,2,0
51,1,2,1,2,0
30,1,2,2,2,0
21,2,2,1,2,0
21,1,1,2,2,0
33,1,2,2,2,0
38,3,2,2,2,0
40,1,2,1,2,0
34,2,2,1,2,0
26,2,1,1,1,0
24,1,2,2,2,0
27,2,2,1,2,0
24,2,2,1,2,0
34,3,2,2,1,0
22,2,2,1,2,0
47,2,2,1,2,0
34,2,2,1,2,0
25,3,2,1,2,0
29,1,2,1,2,0
31,2,2,1,1,0
24,1,2,2,2,0
26,2,2,1,2,0
40,2,2,1,2,0
47,2,2,1,2,0
41,1,2,1,2,0
46,1,2,1,2,0
21,2,2,2,2,0
22,1,2,2,2,0
31,1,2,1,2,0
35,1,1,1,1,0
28,1,2,1,2,0
21,1,2,1,2,0
26,1,2,2,2,0
44,1,2,2,2,0
34,2,1,1,1,0
23,2,2,1,2,0
26,2,2,2,2,0
26,1,2,2,1,0
27,2,2,1,2,0
20,1,2,1,2,0
33,2,2,1,2,0
42,1,2,2,2,0
28,2,2,1,2,0
36,1,2,1,2,0
24,2,2,2,2,0
23,2,2,2,2,0
23,2,2,1,2,0
27,2,2,2,2,0
36,1,2,2,2,0
34,2,2,2,2,0
31,1,2,1,2,0
28,2,2,2,2,0
35,2,2,2,2,0
24,2,2,2,2,0
31,2,2,1,2,0
29,1,2,2,2,0
22,1,1,2,2,0
21,1,2,1,2,0
38,3,2,2,2,0
34,1,2,2,2,0
33,2,2,1,2,0
24,1,2,2,2,0
21,2,2,2,2,0
31,2,2,1,2,0
25,1,2,2,1,0
43,1,2,1,2,0
21,1,2,2,2,0
32,1,2,1,2,0
29,2,2,1,2,0
30,3,2,1,2,0
20,2,2,2,2,0
42,1,2,1,2,0
35,1,2,2,2,0
39,2,2,2,2,0
38,1,2,1,2,0
25,2,2,2,2,0
26,1,2,2,2,0
25,2,1,2,1,0
22,2,2,2,2,0
36,2,2,1,2,0
34,1,2,1,2,0
26,2,2,1,2,0
20,2,2,1,2,0
40,1,2,2,2,0
26,2,2,2,2,0
24,1,2,2,1,0
40,1,2,1,2,0
41,1,2,1,2,0
28,2,2,2,2,0
20,2,2,1,1,0
23,1,2,1,2,0
25,2,2,2,2,0
27,2,2,2,2,0
22,1,2,2,2,0
20,2,2,2,2,0
45,2,2,1,2,0
39,2,2,1,2,0
34,1,1,1,1,0
29,3,2,2,1,0
21,1,2,1,2,0
34,2,2,1,1,0
26,1,2,1,2,0
34,2,1,1,1,0
38,2,2,1,2,0
36,2,2,2,2,0
22,2,2,2,2,0
22,1,2,1,2,0
35,1,2,1,2,0
22,1,2,1,2,0
39,2,2,1,2,0
21,1,1,1,1,0
26,2,2,2,2,0
30,1,2,1,2,0
35,1,2,2,2,0
33,2,2,1,1,0
27,2,2,2,1,0
31,1,2,2,1,0
25,1,2,2,2,0
28,3,2,2,2,0
24,1,2,2,2,0
21,2,2,2,2,0
35,2,2,1,2,0
32,1,2,1,2,0
31,1,2,2,2,0
25,2,1,1,1,0
38,2,2,2,2,0
22,3,2,1,1,0
24,1,2,1,2,0
24,2,2,2,1,0
44,1,2,2,2,0
41,1,2,2,2,0
25,1,2,1,2,0
23,2,2,1,2,0
23,3,2,2,2,0
24,3,2,1,2,0
48,1,2,2,2,0
20,2,2,2,2,0
47,1,2,2,2,0
26,1,2,2,2,0
32,1,2,1,2,0
24,1,2,1,2,0
27,3,2,2,1,0
34,2,2,2,2,0
29,1,2,2,1,0
25,2,2,1,2,0
27,2,1,2,1,0
28,3,2,1,2,0
27,3,2,1,2,0
29,1,2,2,2,0
23,2,2,1,2,0
22,2,2,1,2,0
31,2,2,1,2,0
21,1,2,1,2,0
24,1,2,2,2,0
21,2,2,2,2,0
23,2,1,2,1,0
27,3,2,1,2,0
29,1,2,2,2,0
38,2,2,2,2,0
30,2,2,2,2,0
25,2,2,1,2,0
23,2,2,1,2,0
27,1,2,2,1,0
29,1,2,1,2,0
29,2,1,1,1,0
25,1,2,1,2,0
35,3,2,1,2,0
22,1,2,2,2,0
28,1,2,1,2,0
32,1,2,1,2,0
21,2,2,2,2,0
41,3,2,2,2,0
32,1,2,2,2,0
29,2,2,2,2,0
28,3,2,2,2,0
37,2,2,2,2,0
25,2,1,2,1,0
25,1,2,2,2,0
23,3,2,1,2,0
25,2,2,1,2,0
32,1,2,1,2,0
22,2,2,1,2,0
27,1,2,2,2,0
28,2,2,2,2,0
44,2,2,1,2,0
23,2,2,1,2,0
36,2,2,2,2,0
26,1,2,2,2,0
36,1,1,1,1,0
36,3,2,1,2,0
37,2,2,1,2,0
24,1,2,2,2,0
47,2,2,1,2,0
23,1,2,1,2,0
23,1,2,1,2,0
28,1,2,2,1,0
25,1,2,1,2,0
26,2,2,1,2,0
20,2,2,1,2,0
31,2,2,1,2,0
33,1,2,2,2,0
23,1,2,2,2,0
21,1,2,2,2,0
24,1,1,2,1,0
24,3,2,1,2,0
21,1,2,1,2,0
29,3,2,1,2,0
21,1,2,1,2,0
27,2,2,1,1,0
35,1,2,1,2,0
26,2,2,1,2,0
25,2,2,2,2,0
20,1,2,1,2,0
29,1,2,2,2,0
23,2,2,1,2,0
29,3,2,2,2,0
21,1,2,1,2,0
26,3,2,1,2,0
25,2,2,1,2,0
27,2,2,1,2,0
31,2,2,2,2,0
42,1,2,2,2,0
34,2,2,1,2,0
39,1,2,1,2,0
38,1,2,2,1,0
41,2,2,2,2,0
23,2,2,1,2,0
23,2,2,1,2,0
23,1,2,2,2,0
31,2,2,1,2,0
30,1,2,2,2,0
52,1,2,1,2,0
22,2,2,1,2,0
38,2,2,1,2,0
36,2,2,1,2,0
33,3,2,1,2,0
23,2,2,2,2,0
42,1,2,2,2,0
31,1,2,1,2,0
30,2,2,2,2,0
37,1,1,2,1,0
28,1,2,1,2,0
31,2,2,1,2,0
25,1,2,1,2,0
31,3,2,2,2,0
26,2,2,1,2,0
26,1,2,2,2,0
48,1,2,2,2,0
43,1,2,2,2,0
23,1,2,1,2,0
31,1,2,2,2,0
32,3,2,2,2,0
27,1,2,1,2,0
32,3,2,2,1,0
31,2,2,2,2,0
26,2,2,2,2,0
26,2,2,2,2,0
30,1,1,2,1,0
20,1,2,1,2,0
26,2,2,1,1,0
34,1,2,2,2,0
27,1,2,1,2,0
33,3,2,1,1,0
36,2,2,2,2,0
29,2,2,2,2,0
34,3,1,1,1,0
27,1,2,2,2,0
24,3,1,2,2,0
20,1,2,2,2,0
26,1,2,1,2,0
41,1,1,1,1,0
21,2,2,1,2,0
30,3,2,1,2,0
22,2,2,1,2,0
23,3,2,2,2,0
30,2,2,1,2,0
22,1,2,1,2,0
31,1,2,2,2,0
34,1,2,1,2,0
41,2,2,2,2,0
28,1,2,1,2,0
31,3,1,2,1,0
49,1,2,2,2,0
34,1,2,2,2,0
42,2,2,2,2,0
41,3,2,1,2,0
28,2,2,2,2,0
21,2,2,1,2,0
35,2,2,2,2,0
43,2,2,2,2,0
22,1,2,2,1,0
41,1,2,1,2,0
23,2,2,1,2,0
33,3,2,2,2,0
55,3,2,2,2,0
24,3,2,2,2,0
26,2,2,2,2,0
47,1,2,2,2,0
32,1,2,1,2,0
21,2,2,2,1,0
24,1,1,1,1,0
40,2,2,1,2,0
30,3,1,2,1,0
28,1,1,2,1,0
41,3,2,1,1,0
28,2,2,2,2,0
25,1,2,2,2,0
31,2,2,2,2,0
29,2,2,2,1,0
30,3,2,1,2,0
28,1,2,1,2,0
21,2,2,2,2,0
30,2,1,1,1,0
41,2,2,2,2,0
23,1,2,1,2,0
27,2,2,1,2,0
38,1,2,2,2,0
50,1,2,2,2,0
30,2,2,2,2,0
28,2,2,2,2,0
22,1,2,2,2,0
24,1,2,1,2,0
24,1,2,2,2,0
20,2,2,2,2,0
29,1,2,2,2,0
23,2,2,2,2,0
27,1,2,1,2,0
21,2,2,2,2,0
21,1,1,2,2,0
30,1,2,2,2,0
22,1,2,1,2,0
46,2,2,2,2,0
27,2,2,1,1,0
22,2,2,1,2,0
21,2,1,2,1,0
39,2,2,1,2,0
33,1,2,2,2,0
23,2,2,2,2,0
